name,email_address,start_date,last_login,user_id,manager_id
Ashley Hernandez,53eKZT.ADVCyrdyx@XhJ3.apv,2025-03-01,2025-03-23,1,6
Lisa Nelson,bi1G.JplfaQ@gAxUjEP.lws,2021-02-17,2025-02-27,2,10
Amanda Roberts,MaKNm4.eeDqxiD@xLsS.zqf,2020-06-19,2025-03-07,3,4
Jennifer Rodriguez,F2OmL2ZD.6cd6AA8j9@h9HAdPBYIS.9mc,2021-10-01,2025-02-14,4,10
Melissa Jackson,TLi9sDp.JQpR2VW@s9d4.hT,2024-03-21,2025-01-22,5,6
Dorothy Parker,U8GNwSh.0umWWF@LzXB.yp,2021-08-01,2025-03-02,6,7
Sandra Johnson,DT3oO7.nZ6g8Ih@0ow.udd,2021-09-02,2025-01-19,7,6
Ronald Hall,0mVqxy.HCGM@ESeH.A30,2024-03-02,2025-04-07,8,6
Daniel Turner,N8DI2A.8P3kEy@w3do.jyM,2023-11-19,2025-04-02,9,3
Amanda Nelson,vNBE69.xq85fL@FhCDsDs.qHD,2023-05-15,2025-01-14,10,4
Thomas Lee,CrGoVp.WrD@HAKQVan.cYx,2024-01-24,2025-03-13,11,10
John Smith,NpJT.bHY8P@7lRRrd.2x,2024-06-09,2025-01-26,12,5
Sarah Roberts,oBruW.APQ9s60@L0a.2TX,2024-03-16,2025-01-20,13,2
Richard Baker,he6Sgdw.e6hOf@vD4yJz4.zqn,2024-04-07,2025-03-29,14,7
John Roberts,2hdR.cJZUEzf@DLhMWJDixQ.jfR,2023-07-04,2025-01-22,15,2
Karen Roberts,DAVuc.KWf3qzb@LhiP5AzCS2.Qxu,2021-05-09,2025-02-05,16,9
Joshua Mitchell,ghBTFv.MeWPkxlR@Zi7bzGi.HZ0,2022-06-25,2025-02-10,17,7
Kevin King,hIiZX.Fv9t@bgl0iPH.VlQ,2020-11-04,2025-03-25,18,2
Melissa Hall,5Gx5EFg.6hET@B7C.wdj,2020-06-11,2025-01-21,19,4
Mark Adams,UVd1.MpHZt@2s3Mof.fnJ,2021-03-20,2025-02-13,16,6
Ashley Roberts,rwariT.BhhbUBP@plKt.Ls,2021-09-30,2025-01-16,17,1
Kenneth Baker,uFafMCY.qtP7l@joVOs8K.z0T,2022-02-22,2025-01-14,20,1
David Rodriguez,RB8E7.BPvwp3coJ@adXP.7O,2023-02-25,2025-04-04,21,5
Jessica Lopez,QrM7DZx.nuA6G@HrS1QHkrR.G6R,2024-10-07,2025-02-10,18,1
William Thomas,fhcR81n.hkBBHz@Toj5vbg.GEW,2021-08-11,2025-02-14,22,5
Sandra Clark,EYi2p2.WPA8W@KWrf.dF,2022-07-29,2025-04-04,23,2
Ronald Wright,b2buLY.OYWa34@bTGeGJboLX.vi5,2025-02-23,2025-04-03,24,10
Jason Jones,LJASm.Pl0Yu@0nEC8g9.wQk,2024-02-18,2025-03-03,25,6
Jessica Smith,h3qC4C1.d1FUU@FgALUJ.g5N,2023-05-05,2025-03-13,26,10
Nancy Rodriguez,3PVdT.uxJUy9q88@tQVQQcO2LY.Juk,2024-08-10,2025-03-03,27,1
Richard Scott,8KR2UW9.kfhDX@vCYe.Vy,2024-08-26,2025-02-13,28,6
Barbara Campbell,YUYTYGu.WvgRbhXg@0o29W.TZm,2022-09-02,2025-02-18,29,9
Jason Gonzalez,udR35.bs77Qy3C@cpG8Td4.BDk,2024-01-26,2025-02-24,30,9
Deborah Edwards,VRfSd5a.QMpKQc2@UEy.Xwe,2022-01-25,2025-02-26,31,3
Susan Scott,dZrex.wm2lL@ctD3.y5w,2020-08-03,2025-01-09,32,9
Jason Brown,QoCu9.pDVVk@UV3g.3g,2024-08-14,2025-02-11,33,2
Jessica Wilson,szylDZU.ejjLYD@JLUZuvu.VKk,2023-08-14,2025-03-24,4,7
Anthony Williams,VqzmE9X.BeLnTXfv@ZxzKlCK.o04,2020-05-18,2025-03-06,34,9
Melissa White,mstwuSk.1WrUI@P9tn1t8.6R2,2023-04-25,2025-03-05,35,1
Matthew Hill,t515gkM.BZ10@J51IR7.ub,2022-11-28,2025-03-03,36,2
Ashley Young,kkRtzy.sJRSW@IkBs.pU0,2021-02-06,2025-01-18,37,4
Sandra Hall,1QuzIX.H9jk@gQj.0iD,2025-01-14,2025-01-29,38,9
Michael Wright,EES4hSh.vlrdNC@zus5.JY,2022-03-29,2025-02-16,39,4
Kenneth Lewis,4X3pLza.HvM6v@8GLOmF.0Xe,2023-12-15,2025-01-09,40,7
Richard Evans,2WxyVrM.9PBgC@lyUV.JW,2023-09-15,2025-04-01,41,9
Michael Campbell,lRrqn8s.LPojUHdT@LCvwx8i.Foh,2023-10-16,2025-04-03,42,1
Michael Roberts,JDUm5O6.qxwu8YQ@chHNvYagb6.OZs,2025-03-04,2025-04-07,43,9
Margaret Smith,OtVNaXSe.LAt62@OIHRwa.5yZ,2024-12-18,2025-03-14,38,10
Emily Mitchell,IbBdP.mt0NjPUC@gYTw.Arl,2024-01-24,2025-01-10,44,4
Brian Rodriguez,d8AKD.JCQ9t4J4g@4N4pOC4KPe.GtA,2021-08-31,2025-03-10,45,7
Mark Wright,fUfS.wxEhtB@3Wm5.thf,2020-10-05,2025-01-17,46,2
Emily Smith,8LLOw.E2eYK@e96.E1n,2023-08-12,2025-03-18,4,10
Nancy Gonzalez,3EKKw.Mqp4YtfJ@P8Qs.YY2,2024-04-28,2025-01-07,47,2
Linda Hall,zNG5M.Wy59@gJO5R90.YVJ,2025-01-17,2025-01-25,48,1
John Taylor,IGfB.oCTPFU@YspTHA9.QyS,2021-09-11,2025-01-10,15,5
Mary Johnson,fBUr.2htQ39g@2aD9wu2.bXj,2022-02-15,2025-01-17,49,6
Karen Allen,M6vIC.RtsY7@QjdyYgs.wpk,2021-02-10,2025-02-03,50,1
Ashley Davis,dsq2yC.tQUrP@Ws03ihR.U0X,2023-12-25,2025-03-16,51,8
Carol Garcia,XtLKA.Y5cpKR@9sgxG77.njN,2021-08-10,2025-02-24,52,7
Patricia Thomas,JT4rl132.fzalAn@yohP.YV,2023-03-06,2025-04-05,53,2
Linda Lee,Nl4Po.UO3@lxHk.sS,2021-07-11,2025-01-08,26,8
Kimberly Campbell,V9HDB2Jd.kv8RjW6U@DUCXd.jmz,2021-05-01,2025-03-16,27,4
Rebecca Turner,45AvpG7.RBFsRg@WGln.YSy,2022-12-25,2025-02-25,54,9
Thomas Lopez,mMylqP.buAsX@o26V.Nh5,2021-02-22,2025-02-11,55,9
Linda Scott,TPMAL.g3yPP@3WFPN.RBp,2024-09-24,2025-03-15,56,7
Ashley Adams,CWTvlf.HlorF@QQx.L4N,2023-05-12,2025-03-17,57,3
Michael Thompson,S6VJl3V.nPqBNkmG@V96B.Uuy,2022-12-26,2025-03-10,22,3
Sandra Robinson,gORumn.zXBL1cMP@f22d.TsG,2024-05-29,2025-02-12,58,1
Jason Scott,edrwv.eZ9Jv@9Jmd7dL.Niz,2024-05-29,2025-02-12,59,8
Charles Martinez,ISYJil3.TlsAVl4X@empBlPV.y8x,2022-08-01,2025-03-05,60,7
David Hill,Ec9FL.hOip@F2ZsEG.JZS,2023-12-09,2025-01-14,61,7
Deborah Scott,S8x9ywq.Oeg5S@RQfT8QO.wQ0,2020-12-04,2025-02-21,62,1
Donna Parker,Qx39B.duYG6t@Vnx.pLv,2022-12-27,2025-03-11,63,10
John King,stbG.qpFu@pF75CbYdl.b8M,2024-02-08,2025-02-25,64,2
Betty Thompson,mGzzv.ecD5sZF6@r885OtH.dD7,2021-03-08,2025-02-08,65,1
William Clark,jlhjhaq.jtb6e@bp3QhZIpO3.yZm,2023-10-20,2025-01-22,66,2
Anthony Roberts,bbvAD66.hHtEZBX@TpRGNU.4k,2022-04-03,2025-02-21,67,7
Donna Lopez,z6EYF.jkFNK@O2dn.pHn,2021-03-22,2025-01-28,68,3
Charles Garcia,UqSHhwU.hZdNC0@JcKH5ruD.FBb,2022-06-02,2025-02-04,69,8
Ronald Turner,DiZhuM.KSJQ3A@Pita7.Xad,2024-02-09,2025-04-02,70,10
Mark Taylor,nwwm.rRXoZG@EU4skO.SC,2022-09-23,2025-02-07,71,6
Lisa Jackson,1cD6.tpBGNfL@W4EEjo.Qh,2022-08-01,2025-02-09,20,10
Linda Parker,6pSYD.SLvKJj@lUxzZjp.bfr,2023-03-06,2025-01-14,72,3
Anthony Allen,L8jzZMl.PfLhr@6pF.SBt,2023-05-29,2025-03-29,22,8
Joseph Brown,ukiG1q.nl5HT@ypRs.zc,2022-03-15,2025-01-19,73,1
Kevin Anderson,xFn2a.heqg0EwG@BRaIiZ6.KP0,2024-05-29,2025-04-06,74,7
Michael Carter,WKPTYi2.ZexWt5@mVKW5n.PLH,2020-12-02,2025-03-05,75,3
Timothy Carter,sZGBzg3.99BqdE@FKgMFOP0GM.Mv9,2020-12-07,2025-03-17,76,10
Stephanie Robinson,jnzYfSsIi.D3cWFrBU@rT0xfl.jL,2022-11-09,2025-01-08,77,10
Richard Taylor,dcBludI.9CRyu7@MFu8TQIg.3ZV,2022-11-20,2025-02-15,32,7
Mark Lopez,upif.0rBkj@Ipsbn1.KVh,2024-06-26,2025-02-13,78,3
David Martin,dVZjL.Rk1jvJ@xMlTHUkoCo.2Nz,2022-06-18,2025-03-18,79,2
Kevin Adams,9TZ3X.v22NG@u0Op.ZM,2023-10-21,2025-01-25,80,9
Richard Clark,J932lMa.WtG2d@eR1OH.awV,2024-09-25,2025-03-05,81,7
Sharon Johnson,kzkIKx.S0qwPWo@701y.sRp,2023-07-22,2025-02-04,82,10
Nancy Adams,VjLp8.E5Huz@Xt4z6.D4Q,2025-02-20,2025-02-08,83,3
Carol Martinez,39S4X.CwnCKh9p@QOS9mN.T3G,2020-05-31,2025-01-29,84,5
James Garcia,mEBld.tfzXs9@2DB3.mzn,2021-11-26,2025-03-20,85,8
Donna Williams,Qa4Yk.3MVfZnP4@SoFYwMwmG7.KO7,2021-08-10,2025-04-05,86,3
Mark Perez,aRf7.tXaYo@HFs1y9t.Zx0,2020-12-03,2025-03-30,87,10
